key,symbol,position,from,to,months,entry,entry_tf,swing_level,chart_tf,deposit,leverage,orders,price_overlap,price_factor,volume_factor,profit,reinvest,fee_maker,fee_taker,net,net_pct,max_drawdown,liquidated,liq_time,entries,cycles,gross_profit,gross_loss,fees,funding,stops,orders_filled,deepest_level,open_at_end,seconds,error
939359587b2d6bcb,NEARUSDT,long,2025-10-01,2026-09-30,12,rsi,60,,60,1000,10,10,60,1.4,1.05,1,0,0.0002,0.0005,1160.05,116.0,33.5,False,,93,93,1233.03,0.0,71.75,1.24,0,150,6,False,0.58,
ff2249cdf29ef81b,NEARUSDT,long,2025-10-01,2026-09-30,12,rsi,60,,60,1000,10,10,60,1.4,1.05,0.7,0,0.0002,0.0005,753.61,75.36,29.8,False,,102,102,826.59,0.0,71.73,1.25,0,145,5,False,0.63,
3cb02a8199b32a90,NEARUSDT,long,2025-10-01,2026-09-30,12,rsi,60,,60,1000,10,10,60,1.4,1.05,2,0,0.0002,0.0005,-1000.0,-100.0,98.1,True,1765816995524,17,16,516.7,1491.7,16.01,9.0,0,39,8,False,0.42,
282f64ded2d16ad2,NEARUSDT,long,2025-10-01,2026-09-30,12,rsi,60,,60,1000,10,10,60,1.4,1.05,1.5,0,0.0002,0.0005,-1000.0,-100.0,98.4,True,1765823731455,19,18,410.1,1384.06,16.84,9.2,0,40,7,False,0.45,
06d313f2edeffc28,NEARUSDT,long,2025-10-01,2026-09-30,12,rsi,60,,60,1000,10,10,60,1.4,1.2,1,0,0.0002,0.0005,613.56,61.36,18.1,False,,94,94,651.93,0.0,37.07,1.29,0,149,5,False,0.4,
086803a652d1c005,NEARUSDT,long,2025-10-01,2026-09-30,12,rsi,60,,60,1000,10,10,60,1.4,1.2,0.7,0,0.0002,0.0005,395.74,39.57,19.2,False,,102,102,432.74,0.0,36.6,0.39,0,145,5,False,0.46,
0b64e4fa86eb184d,NEARUSDT,long,2025-10-01,2026-09-30,12,rsi,60,,60,1000,10,10,60,1.4,1.2,1.5,0,0.0002,0.0005,958.44,95.84,60.7,False,,74,74,1003.95,0.0,35.52,9.99,0,142,7,False,0.4,
94e59fef317fab12,NEARUSDT,long,2025-10-01,2026-09-30,12,rsi,60,,60,1000,10,10,60,1.4,1.2,2,0,0.0002,0.0005,-1000.0,-100.0,98.2,True,1766034950883,17,16,290.1,1274.38,9.09,6.63,0,39,8,False,0.41,
db967eed3f92215c,NEARUSDT,long,2025-10-01,2026-09-30,12,rsi,60,,60,1000,10,10,60,1.4,1.4,0.7,0,0.0002,0.0005,165.48,16.55,10.0,False,,102,102,180.41,0.0,14.73,0.2,0,145,5,False,0.36,
55a5dfc7fec43c18,NEARUSDT,long,2025-10-01,2026-09-30,12,rsi,60,,60,1000,10,10,60,1.4,1.4,1,0,0.0002,0.0005,264.57,26.46,9.7,False,,95,95,280.39,0.0,15.35,0.46,0,150,5,False,0.36,
8ee2527b024081e9,NEARUSDT,long,2025-10-01,2026-09-30,12,rsi,60,,60,1000,10,10,60,1.4,1.4,1.5,0,0.0002,0.0005,415.12,41.51,22.6,False,,77,77,433.95,0.0,14.97,3.86,0,142,6,False,0.36,
450c8a47f19eaa3a,NEARUSDT,long,2025-10-01,2026-09-30,12,rsi,60,,60,1000,10,10,60,1.4,1.4,2,0,0.0002,0.0005,621.08,62.11,87.2,False,,60,60,658.79,0.0,15.89,21.83,0,131,8,False,0.42,
8d9c0dead6e21e26,NEARUSDT,long,2025-10-01,2026-09-30,12,rsi,60,,60,1000,10,20,60,1.4,1.05,0.7,0,0.0002,0.0005,-1000.0,-100.0,98.3,True,1764592163298,22,21,271.38,1250.0,18.99,2.39,0,125,16,False,0.3,
49d7933ed181e5b9,NEARUSDT,long,2025-10-01,2026-09-30,12,rsi,60,,60,1000,10,20,60,1.4,1.05,1,0,0.0002,0.0005,-1000.0,-100.0,98.5,True,1765748913100,22,21,458.76,1425.75,22.0,11.02,0,143,17,False,0.47,
d3ab65879d7da15a,NEARUSDT,long,2025-10-01,2026-09-30,12,rsi,60,,60,1000,10,20,60,1.4,1.05,2,0,0.0002,0.0005,-1000.0,-100.0,98.6,True,1765816611262,17,16,938.89,1907.79,22.07,9.03,0,141,17,False,0.52,
9020420803dbd0e2,NEARUSDT,long,2025-10-01,2026-09-30,12,rsi,60,,60,1000,10,20,60,1.4,1.05,1.5,0,0.0002,0.0005,-1000.0,-100.0,98.5,True,1765819958192,20,19,776.02,1741.12,24.22,10.67,0,156,17,False,0.54,
e99e0dc16d1e046c,NEARUSDT,long,2025-10-01,2026-09-30,12,rsi,60,,60,1000,10,20,60,1.4,1.2,1,0,0.0002,0.0005,766.78,76.68,28.8,False,,98,98,802.33,0.0,33.83,1.72,0,633,15,False,0.51,
96fa77d998d65f60,NEARUSDT,long,2025-10-01,2026-09-30,12,rsi,60,,60,1000,10,20,60,1.4,1.2,0.7,0,0.0002,0.0005,460.25,46.02,32.5,False,,104,104,489.4,0.0,29.73,-0.58,0,606,15,False,0.52,
78ce553f17f869c5,NEARUSDT,long,2025-10-01,2026-09-30,12,rsi,60,,60,1000,10,20,60,1.4,1.2,1.5,0,0.0002,0.0005,1216.54,121.65,67.9,False,,81,81,1257.53,0.0,35.09,5.9,0,600,17,False,0.4,
a23c39508e4d6aa6,NEARUSDT,long,2025-10-01,2026-09-30,12,rsi,60,,60,1000,10,20,60,1.4,1.2,2,0,0.0002,0.0005,-1000.0,-100.0,100.0,True,1770336849779,33,32,802.53,1778.65,18.11,5.77,0,274,18,False,0.43,
c261bc8e2b202f54,NEARUSDT,long,2025-10-01,2026-09-30,12,rsi,60,,60,1000,10,20,60,1.4,1.4,1,0,0.0002,0.0005,192.56,19.26,15.0,False,,100,100,200.7,0.0,8.21,-0.07,0,638,15,False,0.43,
b7d01aa439b0334b,NEARUSDT,long,2025-10-01,2026-09-30,12,rsi,60,,60,1000,10,20,60,1.4,1.4,0.7,0,0.0002,0.0005,101.5,10.15,9.2,False,,107,107,107.68,0.0,6.33,-0.15,0,607,15,False,0.49,
9af516c851acb706,NEARUSDT,long,2025-10-01,2026-09-30,12,rsi,60,,60,1000,10,20,60,1.4,1.4,1.5,0,0.0002,0.0005,341.65,34.17,14.0,False,,85,85,351.54,0.0,9.57,0.32,0,629,15,False,0.39,
4d46beab52571c83,NEARUSDT,long,2025-10-01,2026-09-30,12,rsi,60,,60,1000,10,20,60,1.4,1.4,2,0,0.0002,0.0005,528.24,52.82,12.9,False,,74,74,540.06,0.0,11.02,0.81,0,601,15,False,0.42,
9694c87d6f508b8e,NEARUSDT,long,2025-10-01,2026-09-30,12,rsi,60,,60,1000,10,10,75,1.4,1.05,0.7,0,0.0002,0.0005,717.79,71.78,33.5,False,,97,97,786.79,0.0,68.25,0.75,0,138,5,False,0.47,
096eb16f7a63cae5,NEARUSDT,long,2025-10-01,2026-09-30,12,rsi,60,,60,1000,10,10,75,1.4,1.05,1,0,0.0002,0.0005,1106.69,110.67,29.1,False,,93,93,1177.73,0.0,69.53,1.51,0,144,5,False,0.46,
3ee4d24b030835e2,NEARUSDT,long,2025-10-01,2026-09-30,12,rsi,60,,60,1000,10,10,75,1.4,1.05,1.5,0,0.0002,0.0005,-1000.0,-100.0,98.2,True,1766023417522,19,18,381.8,1358.76,16.08,6.96,0,38,7,False,0.4,
aedb6e669fd9d44f,NEARUSDT,long,2025-10-01,2026-09-30,12,rsi,60,,60,1000,10,10,75,1.4,1.05,2,0,0.0002,0.0005,-1000.0,-100.0,98.5,True,1765823742717,17,16,460.57,1437.14,14.65,8.77,0,35,7,False,0.41,
32fc0b8b58afd37f,NEARUSDT,long,2025-10-01,2026-09-30,12,rsi,60,,60,1000,10,10,75,1.4,1.2,0.7,0,0.0002,0.0005,376.87,37.69,23.5,False,,97,97,412.14,0.0,34.84,0.42,0,138,5,False,0.32,
91b3fffcf4938292,NEARUSDT,long,2025-10-01,2026-09-30,12,rsi,60,,60,1000,10,10,75,1.4,1.2,1,0,0.0002,0.0005,587.61,58.76,21.5,False,,93,93,624.38,0.0,35.85,0.93,0,144,5,False,0.34,
edfb9f7c135520c3,NEARUSDT,long,2025-10-01,2026-09-30,12,rsi,60,,60,1000,10,10,75,1.4,1.2,2,0,0.0002,0.0005,-1000.0,-100.0,98.6,True,1770337188014,35,34,605.94,1586.6,17.55,1.79,0,74,8,False,0.31,
c6b8aa55c6d1e49a,NEARUSDT,long,2025-10-01,2026-09-30,12,rsi,60,,60,1000,10,10,75,1.4,1.2,1.5,0,0.0002,0.0005,-1000.0,-100.0,98.4,True,1770336881214,39,38,444.02,1424.35,17.71,1.97,0,74,8,False,0.36,
5d05ba79cd1a878e,NEARUSDT,long,2025-10-01,2026-09-30,12,rsi,60,,60,1000,10,10,75,1.4,1.4,0.7,0,0.0002,0.0005,150.88,15.09,13.2,False,,98,98,164.47,0.0,13.64,-0.06,0,136,5,False,0.44,
bf9312168a58b740,NEARUSDT,long,2025-10-01,2026-09-30,12,rsi,60,,60,1000,10,10,75,1.4,1.4,1,0,0.0002,0.0005,249.3,24.93,12.6,False,,93,93,264.41,0.0,14.63,0.48,0,144,5,False,0.43,
12606d7db55c68df,NEARUSDT,long,2025-10-01,2026-09-30,12,rsi,60,,60,1000,10,10,75,1.4,1.4,1.5,0,0.0002,0.0005,391.61,39.16,18.0,False,,78,78,408.71,0.0,14.33,2.77,0,137,6,False,0.37,
1a19f383c4b33cbc,NEARUSDT,long,2025-10-01,2026-09-30,12,rsi,60,,60,1000,10,10,75,1.4,1.4,2,0,0.0002,0.0005,586.51,58.65,84.3,False,,67,67,606.8,0.0,15.14,5.15,0,133,8,False,0.39,
fbc6ff113ba77ca6,NEARUSDT,long,2025-10-01,2026-09-30,12,rsi,60,,60,1000,10,20,75,1.4,1.05,0.7,0,0.0002,0.0005,-1000.0,-100.0,97.7,True,1764592820810,22,21,237.74,1218.53,17.06,2.16,0,113,16,False,0.32,
a23f02dfbf44acc8,NEARUSDT,long,2025-10-01,2026-09-30,12,rsi,60,,60,1000,10,20,75,1.4,1.05,1,0,0.0002,0.0005,-1000.0,-100.0,98.0,True,1765810863831,22,21,417.48,1387.92,20.21,9.36,0,132,16,False,0.39,
d725dc2671bc6461,NEARUSDT,long,2025-10-01,2026-09-30,12,rsi,60,,60,1000,10,20,75,1.4,1.05,1.5,0,0.0002,0.0005,-1000.0,-100.0,98.8,True,1765819980268,20,19,704.54,1672.7,22.3,9.54,0,145,17,False,0.33,
8b777510f475523b,NEARUSDT,long,2025-10-01,2026-09-30,12,rsi,60,,60,1000,10,20,75,1.4,1.05,2,0,0.0002,0.0005,-1000.0,-100.0,98.5,True,1765819763440,17,16,860.57,1831.64,20.49,8.45,0,132,17,False,0.3,
dc1683862c5d3f77,NEARUSDT,long,2025-10-01,2026-09-30,12,rsi,60,,60,1000,10,20,75,1.4,1.2,0.7,0,0.0002,0.0005,391.79,39.18,30.0,False,,104,104,417.05,0.0,25.59,-0.33,0,549,15,False,0.32,
0ee58719776ec860,NEARUSDT,long,2025-10-01,2026-09-30,12,rsi,60,,60,1000,10,20,75,1.4,1.2,1,0,0.0002,0.0005,653.09,65.31,26.9,False,,98,98,683.0,0.0,29.03,0.88,0,578,15,False,0.32,
c2dcd88eed0ec020,NEARUSDT,long,2025-10-01,2026-09-30,12,rsi,60,,60,1000,10,20,75,1.4,1.2,1.5,0,0.0002,0.0005,-1000.0,-100.0,98.6,True,1766101471211,20,19,242.14,1227.22,7.96,6.96,0,145,17,False,0.31,
33b17b228e43c1db,NEARUSDT,long,2025-10-01,2026-09-30,12,rsi,60,,60,1000,10,20,75,1.4,1.2,2,0,0.0002,0.0005,-1000.0,-100.0,99.0,True,1770336847596,24,23,576.25,1536.83,13.16,26.26,0,199,17,False,0.42,
148eec0503c5bb6d,NEARUSDT,long,2025-10-01,2026-09-30,12,rsi,60,,60,1000,10,20,75,1.4,1.4,0.7,0,0.0002,0.0005,78.78,7.88,7.5,False,,107,107,83.58,0.0,4.95,-0.15,0,551,14,False,0.34,
e646aac86a5865f6,NEARUSDT,long,2025-10-01,2026-09-30,12,rsi,60,,60,1000,10,20,75,1.4,1.4,1,0,0.0002,0.0005,147.67,14.77,7.4,False,,99,99,154.24,0.0,6.34,0.23,0,580,14,False,0.31,
56555068541b228c,NEARUSDT,long,2025-10-01,2026-09-30,12,rsi,60,,60,1000,10,20,75,1.4,1.4,1.5,0,0.0002,0.0005,267.44,26.74,12.1,False,,87,87,275.39,0.0,7.52,0.43,0,580,15,False,0.38,
697b8b015003dc18,NEARUSDT,long,2025-10-01,2026-09-30,12,rsi,60,,60,1000,10,20,75,1.4,1.4,2,0,0.0002,0.0005,412.23,41.22,16.6,False,,74,74,423.92,0.0,8.67,3.02,0,549,15,False,0.4,
e4c15e2776939a87,NEARUSDT,long,2025-10-01,2026-09-30,12,rsi,60,,60,1000,10,10,90,1.4,1.05,0.7,0,0.0002,0.0005,666.08,66.61,31.6,False,,97,97,731.8,0.0,65.1,0.62,0,129,5,False,0.29,
01c3159f20fb58c3,NEARUSDT,long,2025-10-01,2026-09-30,12,rsi,60,,60,1000,10,10,90,1.4,1.05,1,0,0.0002,0.0005,1015.18,101.52,27.8,False,,93,93,1082.06,0.0,65.68,1.2,0,133,5,False,0.35,
8d7d7bf46ed5c5e6,NEARUSDT,long,2025-10-01,2026-09-30,12,rsi,60,,60,1000,10,10,90,1.4,1.05,1.5,0,0.0002,0.0005,1474.44,147.44,31.7,False,,76,76,1542.67,0.0,59.57,8.66,0,125,5,False,0.44,
c86307e229c91257,NEARUSDT,long,2025-10-01,2026-09-30,12,rsi,60,,60,1000,10,10,90,1.4,1.05,2,0,0.0002,0.0005,-1000.0,-100.0,99.7,True,1770337185116,33,32,956.31,1926.14,28.48,1.68,0,65,7,False,0.46,
ea7fa2f7a77edddf,NEARUSDT,long,2025-10-01,2026-09-30,12,rsi,60,,60,1000,10,10,90,1.4,1.2,0.7,0,0.0002,0.0005,334.12,33.41,14.3,False,,97,97,366.77,0.0,32.24,0.42,0,127,4,False,0.43,
4dea9523a424ef11,NEARUSDT,long,2025-10-01,2026-09-30,12,rsi,60,,60,1000,10,10,90,1.4,1.2,1,0,0.0002,0.0005,524.81,52.48,19.9,False,,93,93,558.5,0.0,33.2,0.5,0,132,5,False,0.43,
6bf4afe14c817adc,NEARUSDT,long,2025-10-01,2026-09-30,12,rsi,60,,60,1000,10,10,90,1.4,1.2,1.5,0,0.0002,0.0005,780.21,78.02,25.1,False,,77,77,816.64,0.0,30.84,5.59,0,124,5,False,0.37,
5d26706357a3adb3,NEARUSDT,long,2025-10-01,2026-09-30,12,rsi,60,,60,1000,10,10,90,1.4,1.2,2,0,0.0002,0.0005,1049.22,104.92,93.9,False,,61,61,1092.39,0.0,29.12,14.05,0,117,7,False,0.42,
f1209b1bd4496872,NEARUSDT,long,2025-10-01,2026-09-30,12,rsi,60,,60,1000,10,10,90,1.4,1.4,1,0,0.0002,0.0005,216.74,21.67,11.2,False,,93,93,230.15,0.0,13.25,0.16,0,132,5,False,0.31,
5863a950c64f8076,NEARUSDT,long,2025-10-01,2026-09-30,12,rsi,60,,60,1000,10,10,90,1.4,1.4,0.7,0,0.0002,0.0005,134.09,13.41,6.8,False,,97,97,146.78,0.0,12.58,0.11,0,127,4,False,0.4,
24e14420907b93f9,NEARUSDT,long,2025-10-01,2026-09-30,12,rsi,60,,60,1000,10,10,90,1.4,1.4,1.5,0,0.0002,0.0005,333.93,33.39,15.8,False,,77,77,349.47,0.0,12.7,2.85,0,124,5,False,0.37,
6a3575c9997c9fa1,NEARUSDT,long,2025-10-01,2026-09-30,12,rsi,60,,60,1000,10,10,90,1.4,1.4,2,0,0.0002,0.0005,483.81,48.38,73.2,False,,61,61,505.59,0.0,12.83,8.94,0,117,7,False,0.4,
3ee455d3679690b3,NEARUSDT,long,2025-10-01,2026-09-30,12,rsi,60,,60,1000,10,20,90,1.4,1.05,0.7,0,0.0002,0.0005,-1000.0,-100.0,98.1,True,1764603146763,22,21,221.71,1203.67,16.01,2.02,0,106,15,False,0.3,
c679c69a17bfb0bd,NEARUSDT,long,2025-10-01,2026-09-30,12,rsi,60,,60,1000,10,20,90,1.4,1.05,1,0,0.0002,0.0005,-1000.0,-100.0,98.2,True,1765811799671,22,21,384.42,1356.94,18.88,8.61,0,124,16,False,0.33,
4c02e45f6822756a,NEARUSDT,long,2025-10-01,2026-09-30,12,rsi,60,,60,1000,10,20,90,1.4,1.05,2,0,0.0002,0.0005,-1000.0,-100.0,99.2,True,1765819980268,17,16,805.28,1777.77,19.24,8.28,0,125,16,False,0.32,
aee93e4f209a0798,NEARUSDT,long,2025-10-01,2026-09-30,12,rsi,60,,60,1000,10,20,90,1.4,1.05,1.5,0,0.0002,0.0005,-1000.0,-100.0,98.6,True,1765823732351,20,19,664.43,1633.45,21.09,9.89,0,138,16,False,0.35,
a962158c9aff1985,NEARUSDT,long,2025-10-01,2026-09-30,12,rsi,60,,60,1000,10,20,90,1.4,1.2,0.7,0,0.0002,0.0005,345.97,34.6,27.3,False,,104,104,368.55,0.0,22.81,-0.22,0,512,14,False,0.29,
25aac674ca5ded63,NEARUSDT,long,2025-10-01,2026-09-30,12,rsi,60,,60,1000,10,20,90,1.4,1.2,1,0,0.0002,0.0005,585.54,58.55,24.8,False,,98,98,613.41,0.0,26.23,1.64,0,543,14,False,0.36,
cd3cd6775f1c7339,NEARUSDT,long,2025-10-01,2026-09-30,12,rsi,60,,60,1000,10,20,90,1.4,1.2,1.5,0,0.0002,0.0005,959.6,95.96,21.3,False,,83,83,989.07,0.0,27.91,1.56,0,537,14,False,0.32,
63b85e002d12426f,NEARUSDT,long,2025-10-01,2026-09-30,12,rsi,60,,60,1000,10,20,90,1.4,1.2,2,0,0.0002,0.0005,1301.48,130.15,53.1,False,,68,68,1339.92,0.0,28.16,10.28,0,480,16,False,0.35,
21dafa5aed3760d6,NEARUSDT,long,2025-10-01,2026-09-30,12,rsi,60,,60,1000,10,20,90,1.4,1.4,0.7,0,0.0002,0.0005,59.06,5.91,6.2,False,,104,104,62.73,0.0,3.75,-0.08,0,501,13,False,0.58,
0349f5980ed2399d,NEARUSDT,long,2025-10-01,2026-09-30,12,rsi,60,,60,1000,10,20,90,1.4,1.4,1,0,0.0002,0.0005,125.21,12.52,10.6,False,,100,100,130.58,0.0,5.39,-0.02,0,548,14,False,0.57,
bd2bf4437928d06f,NEARUSDT,long,2025-10-01,2026-09-30,12,rsi,60,,60,1000,10,20,90,1.4,1.4,1.5,0,0.0002,0.0005,230.09,23.01,10.1,False,,85,85,236.89,0.0,6.49,0.31,0,548,14,False,0.36,
9c2e691ababd9a4c,NEARUSDT,long,2025-10-01,2026-09-30,12,rsi,60,,60,1000,10,20,90,1.4,1.4,2,0,0.0002,0.0005,372.14,37.21,9.5,False,,75,75,380.58,0.0,7.8,0.64,0,536,14,False,0.39,
